"","outcome","exposure","SNP","chr","pos","b","se","pval","h4"
"1","Number of children || id:ieu-b-4760","cg05507697","rs146972365",16,90022693,0.0782583990259665,0.0192810548324845,4.93205667669103e-05,1
"2","Number of children || id:ieu-b-4760","cg25336900","rs2188151",3,50201924,0.139259681944473,0.0226438507226785,7.74829469335133e-10,0.99
"3","Number of children || id:ieu-b-4760","cg05993643","rs1030720",3,85459212,0.178473162098249,0.0308078672669597,6.90975160933045e-09,0.99
"4","Number of children || id:ieu-b-4760","cg07621224","rs6583438",7,50352892,0.0728429196682083,0.0162734182237487,7.59866978974091e-06,0.99
"5","Number of children || id:ieu-b-4760","cg23499133","rs2518796",3,50207075,0.0559187750242201,0.00909248374377563,7.74829469335137e-10,0.99
"6","Number of children || id:ieu-b-4760","cg25920857","rs6800021",3,50190346,-0.0334808380253758,0.00540013516538319,5.64631607408654e-10,0.99
"7","Number of children || id:ieu-b-4760","cg20099416","rs9905609",17,43358166,0.12055249314291,0.028804578007598,2.84933713946247e-05,0.99
"8","Number of children || id:ieu-b-4760","cg24104128","rs2624826",3,50155468,-0.0863406587294142,0.0166039728325797,1.9928852633867e-07,0.99
"9","Number of children || id:ieu-b-4760","cg25105522","rs199516",17,44856485,0.131208997188379,0.0264623187606814,7.1100496536065e-07,0.99
"10","Number of children || id:ieu-b-4760","cg26019600","rs199513",17,44856932,0.179552446666134,0.036212258151153,7.1100496536065e-07,0.98
"11","Number of children || id:ieu-b-4760","cg09817016","rs61511837",5,137066469,0.0274300739446825,0.00631134444744908,1.38545413303903e-05,0.98
"12","Number of children || id:ieu-b-4760","cg08113562","rs142167",17,44795234,-0.141397979497293,0.0297679956836406,2.03416648513741e-06,0.98
"13","Number of children || id:ieu-b-4760","cg15156975","rs199451",17,44801784,-0.132403566069379,0.0246332215943032,7.65826821224882e-08,0.98
"14","Number of children || id:ieu-b-4760","cg03805684","rs174549",11,61571382,-0.0648742287418549,0.0128579552461334,4.52444450420261e-07,0.98
"15","Number of children || id:ieu-b-4760","cg26069252","rs3813321",5,137800024,-0.0340496801689943,0.00674251092455333,4.41810064539087e-07,0.98
"16","Number of children || id:ieu-b-4760","cg21583668","rs9862795",3,49915506,-0.140235224306821,0.0231793759184828,1.44845834102753e-09,0.98
"17","Number of children || id:ieu-b-4760","cg04976685","rs199510",17,44857929,0.194906870549081,0.0393089486821675,7.1100496536065e-07,0.98
"18","Number of children || id:ieu-b-4760","cg25342861","rs569366247",17,44217791,-0.10068687557601,0.0198433988361479,3.89387361233806e-07,0.98
"19","Number of children || id:ieu-b-4760","cg23143210","rs28706067",12,132939425,0.0321260121876313,0.00698391569296332,4.22490940500571e-06,0.98
"20","Number of children || id:ieu-b-4760","cg25326896","rs174529",11,61543961,-0.0470577162890285,0.0107414352398869,1.18161695324957e-05,0.98
"21","Number of children || id:ieu-b-4760","cg03735013","rs174529",11,61543961,-0.074335865600755,0.0169679693219115,1.18161695324957e-05,0.98
"22","Number of children || id:ieu-b-4760","cg24477401","rs199441",17,44773783,0.0862626986716882,0.0160488741714769,7.65826821224886e-08,0.98
"23","Number of children || id:ieu-b-4760","cg04491389","rs199451",17,44801784,-0.0408603090559748,0.00760191796390229,7.65826821224882e-08,0.98
"24","Number of children || id:ieu-b-4760","cg14334911","rs199533",17,44828931,-0.117989423354347,0.0221230168789401,9.64260673022816e-08,0.98
"25","Number of children || id:ieu-b-4760","cg12517394","rs7394579",11,61581450,-0.0538430211612863,0.0107686042322573,5.73303143758388e-07,0.98
"26","Number of children || id:ieu-b-4760","cg19751789","rs174554",11,61579463,-0.0866055354059175,0.0183708711467098,2.42560114265344e-06,0.98
"27","Number of children || id:ieu-b-4760","cg18458597","rs6549038",3,85603517,0.20096336814605,0.0314005262728203,1.55376951634197e-10,0.98
"28","Number of children || id:ieu-b-4760","cg09462826","rs968567",11,61595564,0.0947996929111587,0.0202032132433617,2.70140425818602e-06,0.98
"29","Number of children || id:ieu-b-4760","cg24870774","rs174537",11,61552680,0.109000022890005,0.022890004806901,1.91774188899521e-06,0.98
"30","Number of children || id:ieu-b-4760","cg25401284","rs174593",11,61618831,-0.103994049731763,0.0248681423271608,2.89187191032343e-05,0.98
"31","Number of children || id:ieu-b-4760","cg23277638","rs2299557",7,142557182,-0.0757275131047575,0.0170758117785238,9.21652440645437e-06,0.98
"32","Number of children || id:ieu-b-4760","cg27589368","rs199439",17,44793503,0.0367380092017232,0.00688837672532311,9.64260673022821e-08,0.97
"33","Number of children || id:ieu-b-4760","cg01882395","rs538628",17,44787313,0.0605409171630314,0.0127454562448487,2.0341664851374e-06,0.97
"34","Number of children || id:ieu-b-4760","cg16213375","rs174528",11,61543499,-0.0242014671527627,0.0057104585416631,2.25424147115886e-05,0.97
"35","Number of children || id:ieu-b-4760","cg14585163","rs199439",17,44793503,0.0780519691963025,0.0146347442243067,9.64260673022821e-08,0.97
"36","Number of children || id:ieu-b-4760","cg07131655","rs9843653",3,49920571,0.147085260422625,0.0251427795594231,4.91573012361607e-09,0.97
"37","Number of children || id:ieu-b-4760","cg02301815","rs199456",17,44797919,-0.0424078093981007,0.00795146426214387,9.64260673022821e-08,0.97
"38","Number of children || id:ieu-b-4760","cg12412598","rs28805274",12,132945999,-0.0167790048101618,0.00360838813121759,3.31935028874294e-06,0.97
"39","Number of children || id:ieu-b-4760","cg04535945","rs4835796",5,137782115,0.0977147770800219,0.0217143949066715,6.79534624946012e-06,0.97
"40","Number of children || id:ieu-b-4760","cg15598662","rs174549",11,61571382,0.0319157011448248,0.00632563446113645,4.52444450420261e-07,0.97
"41","Number of children || id:ieu-b-4760","cg10708588","rs2013208",3,50129399,-0.0775096617478361,0.0134799411735367,8.92434490780327e-09,0.97
"42","Number of children || id:ieu-b-4760","cg12609785","rs199461",17,44762589,0.0210681168859125,0.00439682439358174,1.65401538432177e-06,0.97
"43","Number of children || id:ieu-b-4760","cg14517917","rs199439",17,44793503,0.0706324195080121,0.0132435786577523,9.64260673022821e-08,0.97
"44","Number of children || id:ieu-b-4760","cg08473090","rs199533",17,44828931,0.0765178633343137,0.0143470993751838,9.64260673022821e-08,0.97
"45","Number of children || id:ieu-b-4760","cg03954353","rs199443",17,44819565,0.0729091018689416,0.0137780979909811,1.21206660428237e-07,0.97
"46","Number of children || id:ieu-b-4760","cg27551605","rs199451",17,44801784,-0.0699943082147816,0.0130221968771687,7.65826821224886e-08,0.97
"47","Number of children || id:ieu-b-4760","cg26680047","rs11130224",3,49936910,-0.170896351362898,0.0289654832818472,3.63501572619888e-09,0.97
"48","Number of children || id:ieu-b-4760","cg05772917","rs199439",17,44793503,-0.0353048713551168,0.0066196633790844,9.64260673022821e-08,0.97
"49","Number of children || id:ieu-b-4760","cg07592976","rs199525",17,44847834,0.0992233954245914,0.0193606625218715,2.97537746375531e-07,0.97
"50","Number of children || id:ieu-b-4760","cg14725641","rs174560",11,61581764,-0.0310043650732699,0.00625776175790768,7.24995678145117e-07,0.97
"51","Number of children || id:ieu-b-4760","cg19156875","rs199533",17,44828931,0.0906335854079928,0.0169937972639986,9.64260673022821e-08,0.97
"52","Number of children || id:ieu-b-4760","cg07798295","rs4785699",16,89716222,-0.0902072577431545,0.0201433682339083,7.52536057092006e-06,0.97
"53","Number of children || id:ieu-b-4760","cg11880646","rs7943728",11,61547068,0.108906541713951,0.0237947065929641,4.71864868795219e-06,0.97
"54","Number of children || id:ieu-b-4760","cg17901584","rs174536",11,61551927,-0.0966683360808394,0.0215961176350811,7.59866978974091e-06,0.97
"55","Number of children || id:ieu-b-4760","cg04826040","rs28374085",12,132940041,-0.0314909715384599,0.00699799367521332,6.79534624946015e-06,0.97
"56","Number of children || id:ieu-b-4760","cg00162969","rs28706067",12,132939425,0.0328559224943074,0.00714259184658856,4.22490940500571e-06,0.97
"57","Number of children || id:ieu-b-4760","cg10426234","rs28706067",12,132939425,0.0464397378779665,0.0100955951908623,4.22490940500571e-06,0.97
"58","Number of children || id:ieu-b-4760","cg25717470","rs28368590",12,132936796,0.0176785884350476,0.00399193932404301,9.48593039226872e-06,0.97
"59","Number of children || id:ieu-b-4760","cg00293060","rs28706067",12,132939425,0.0187207958128905,0.00406973822019359,4.22490940500569e-06,0.97
"60","Number of children || id:ieu-b-4760","cg24203758","rs199533",17,44828931,-0.135193939931643,0.025348863737183,9.64260673022821e-08,0.96
"61","Number of children || id:ieu-b-4760","cg15804598","rs9894577",17,43223292,-0.055922314302612,0.012427180956136,6.79534624946012e-06,0.96
"62","Number of children || id:ieu-b-4760","cg15072306","rs199439",17,44793503,0.065750272247221,0.0123281760463539,9.64260673022816e-08,0.96
"63","Number of children || id:ieu-b-4760","cg19108736","rs560050580",17,44297148,0.0918415543672846,0.0174936294032923,1.52099210329774e-07,0.96
"64","Number of children || id:ieu-b-4760","cg11663600","rs7374183",3,49785133,0.0973797740180619,0.0202874529204296,1.5866563039512e-06,0.96
"65","Number of children || id:ieu-b-4760","cg04194664","rs12373123",17,43924073,0.12203744418724,0.0232452274642362,1.52099210329774e-07,0.96
"66","Number of children || id:ieu-b-4760","cg03575189","rs538628",17,44787313,-0.0442545553077128,0.00931674848583427,2.0341664851374e-06,0.96
"67","Number of children || id:ieu-b-4760","cg07368127","rs117642368",17,43399058,0.0390252137569949,0.00953949669615431,4.29685550509902e-05,0.96
"68","Number of children || id:ieu-b-4760","cg06656105","rs6947538",7,142562736,-0.040539165805953,0.00892371574344878,5.54968624320912e-06,0.96
"69","Number of children || id:ieu-b-4760","cg12056501","rs6947538",7,142562736,-0.0630794181776634,0.0138854065170957,5.54968624320915e-06,0.96
"70","Number of children || id:ieu-b-4760","cg18878992","rs117642368",17,43399058,0.0186717291487268,0.00456420045857767,4.29685550509902e-05,0.96
"71","Number of children || id:ieu-b-4760","cg17911788","rs117642368",17,43399058,-0.0186444285130488,0.00455752696985638,4.29685550509902e-05,0.96
"72","Number of children || id:ieu-b-4760","cg12609785","rs117642368",17,43399058,0.0198290413495734,0.00484709899656238,4.29685550509902e-05,0.96
"73","Number of children || id:ieu-b-4760","cg18721212","rs4806289",19,36755535,0.138445392224728,0.0312618627604225,9.48593039226876e-06,0.96
"74","Number of children || id:ieu-b-4760","cg12257692","rs9873183",3,49734229,0.0234347537397961,0.00488224036245752,1.58665630395119e-06,0.95
"75","Number of children || id:ieu-b-4760","cg15806158","rs12438182",15,41042660,-0.0574673490450919,0.0129764981714724,9.48593039226872e-06,0.95
"76","Number of children || id:ieu-b-4760","cg14969119","rs62065829",17,43135449,0.168721894966953,0.0366786728189027,4.22490940500571e-06,0.95
"77","Number of children || id:ieu-b-4760","cg07002423","rs4856600",3,85657658,0.478705665938747,0.0564765111500769,2.3268767913816e-17,0.95
"78","Number of children || id:ieu-b-4760","cg25536676","rs174551",11,61573684,-0.0924545746146154,0.0198116945602747,3.06125347306213e-06,0.95
"79","Number of children || id:ieu-b-4760","cg06641537","rs4252461",7,142617214,0.203931489345225,0.0477561082643881,1.95236231719057e-05,0.95
"80","Number of children || id:ieu-b-4760","cg19259111","rs7126316",11,46660550,-0.124149524873663,0.0284933335775619,1.31771266997448e-05,0.95
"81","Number of children || id:ieu-b-4760","cg02111951","rs61896141",11,61556039,-0.117749429214631,0.0259447894879696,5.66661284644033e-06,0.95
"82","Number of children || id:ieu-b-4760","cg08862499","rs62064594",17,43460181,-0.0862213526161391,0.0190094320728496,5.74088554345658e-06,0.95
"83","Number of children || id:ieu-b-4760","cg21574349","rs9873183",3,49734229,0.0231402472535419,0.0048208848444879,1.5866563039512e-06,0.94
"84","Number of children || id:ieu-b-4760","cg18119429","rs55793500",17,43479748,-0.147353599520984,0.0304062983138538,1.25877917596925e-06,0.94
"85","Number of children || id:ieu-b-4760","cg03755535","rs12381242",3,49746819,-0.0632427731956046,0.0131755777490843,1.58665630395119e-06,0.94
"86","Number of children || id:ieu-b-4760","cg10075733","rs3749240",3,49750188,-0.0355280572547732,0.00747959100100488,2.03416648513741e-06,0.94
"87","Number of children || id:ieu-b-4760","cg00887153","rs9989377",16,71499062,-0.078576484633345,0.0184885846196106,2.13770515498688e-05,0.94
"88","Number of children || id:ieu-b-4760","cg03155027","rs4855841",3,49745677,-0.0989370451214761,0.0206118844003075,1.5866563039512e-06,0.94
"89","Number of children || id:ieu-b-4760","cg18171955","rs174530",11,61546592,0.109211240020823,0.0254826226715254,1.8215297148968e-05,0.94
"90","Number of children || id:ieu-b-4760","cg21213853","rs3811696",3,49761605,-0.233293398039849,0.048602791258302,1.5866563039512e-06,0.94
"91","Number of children || id:ieu-b-4760","cg14981432","rs61897793",11,61599347,0.0703762649700987,0.0149982204034637,2.70140425818602e-06,0.94
"92","Number of children || id:ieu-b-4760","cg15825311","rs9856572",3,50109073,-0.128072772062762,0.0222735255761326,8.92434490780327e-09,0.94
"93","Number of children || id:ieu-b-4760","cg00530720","rs2291487",11,46456344,0.0414898009299112,0.00910751727729759,5.22473039365894e-06,0.94
"94","Number of children || id:ieu-b-4760","cg10780632","rs62064594",17,43460181,0.0185901004348473,0.0040986048202813,5.74088554345655e-06,0.94
"95","Number of children || id:ieu-b-4760","cg07581031","rs75570604",16,89846677,0.0284995889636747,0.00662314391409341,1.6847779653349e-05,0.94
"96","Number of children || id:ieu-b-4760","cg08383315","rs1374262",11,8458749,0.15192198982476,0.0353306953080837,1.70798109419836e-05,0.94
"97","Number of children || id:ieu-b-4760","cg19101232","rs7722600",5,137194762,-0.037230853305258,0.00841741031249312,9.73050767925568e-06,0.94
"98","Number of children || id:ieu-b-4760","cg16185419","rs9737401",11,8595652,-0.0973584525601356,0.0223812534621001,1.36137531986681e-05,0.94
"99","Number of children || id:ieu-b-4760","cg03702990","rs6887341",5,137821801,-0.048193254952359,0.0100402614484081,1.58665630395119e-06,0.94
"100","Number of children || id:ieu-b-4760","cg22248471","rs10202509",2,239614353,0.0727601490502459,0.0176497391260498,3.74865655534376e-05,0.94
"101","Number of children || id:ieu-b-4760","cg05666287","rs9873183",3,49734229,0.0230700907808072,0.00480626891266817,1.58665630395119e-06,0.94
"102","Number of children || id:ieu-b-4760","cg06100756","rs62073098",17,44316449,0.216114602486347,0.0411646861878756,1.52099210329774e-07,0.93
"103","Number of children || id:ieu-b-4760","cg07993743","rs560239021",17,44263955,0.129090377194652,0.025075109239249,2.63070687745565e-07,0.93
"104","Number of children || id:ieu-b-4760","cg24374161","rs12576115",11,46378032,-0.106771406069909,0.024639555246902,1.46868476737894e-05,0.93
"105","Number of children || id:ieu-b-4760","cg14784922","rs6578968",11,8480719,-0.0987438908999366,0.0217019540439421,5.36459155927771e-06,0.93
"106","Number of children || id:ieu-b-4760","cg07474852","rs12626687",21,35733290,-0.0179386201572605,0.00468850299564764,0.000130196315473184,0.93
"107","Number of children || id:ieu-b-4760","cg27075419","rs75748389",11,46457259,-0.0707925484799459,0.0155398277151101,5.22473039365894e-06,0.92
"108","Number of children || id:ieu-b-4760","cg11693709","rs4917017",7,50335232,0.0785303135364539,0.0183794350829999,1.93096576778461e-05,0.92
"109","Number of children || id:ieu-b-4760","cg09092525","rs4917017",7,50335232,0.0621373393848932,0.0145427815581665,1.93096576778461e-05,0.92
"110","Number of children || id:ieu-b-4760","cg02680903","rs7067900",10,15423771,0.0765644624921395,0.0180151676452093,2.13770515498688e-05,0.92
"111","Number of children || id:ieu-b-4760","cg15522241","rs55805200",22,30257089,0.15883261408068,0.0337941732086554,2.60161490783456e-06,0.92
"112","Number of children || id:ieu-b-4760","cg09322513","rs4917017",7,50335232,0.0536853569762122,0.0125646580157092,1.93096576778461e-05,0.92
"113","Number of children || id:ieu-b-4760","cg14781826","rs199529",17,44837217,-0.102400961203689,0.0204801922407378,5.73303143758388e-07,0.92
"114","Number of children || id:ieu-b-4760","cg17112757","rs16841912",1,197702476,0.0857987662784947,0.0202355580845506,2.23519786642412e-05,0.92
"115","Number of children || id:ieu-b-4760","cg10515671","rs968567",11,61595564,-0.0402554837372795,0.00857903751778088,2.70140425818603e-06,0.92
"116","Number of children || id:ieu-b-4760","cg07005513","rs968567",11,61595564,0.0541505990299053,0.0115402915965372,2.70140425818603e-06,0.92
"117","Number of children || id:ieu-b-4760","cg06860612","rs61897793",11,61599347,-0.0640217296047498,0.013643975161668,2.70140425818603e-06,0.91
"118","Number of children || id:ieu-b-4760","cg25109663","rs2683786",3,114088780,0.0383738177110185,0.00834213428500401,4.22490940500571e-06,0.91
"119","Number of children || id:ieu-b-4760","cg07180649","rs56318008",1,22470407,-0.039071291545134,0.00904129060548555,1.55022237131617e-05,0.91
"120","Number of children || id:ieu-b-4760","cg25959131","rs10865958",3,49858142,-0.15484131924804,0.0316002692342939,9.58366553180642e-07,0.91
"121","Number of children || id:ieu-b-4760","cg22993195","rs62262118",3,50003586,-0.117348797297066,0.0281148160190887,2.99412074400854e-05,0.91
"122","Number of children || id:ieu-b-4760","cg22708752","rs36107645",17,43352642,-0.0773702222983873,0.0188002409323184,3.86534325218181e-05,0.91
"123","Number of children || id:ieu-b-4760","cg22247664","rs553689",1,110061048,0.0243551657618827,0.00624491429791863,9.61926880352055e-05,0.91
"124","Number of children || id:ieu-b-4760","cg01529068","rs7951579",11,46469900,-0.0878616237999567,0.0197688653549902,8.81192740517839e-06,0.91
"125","Number of children || id:ieu-b-4760","cg22136365","rs12919092",16,71446490,-0.0246313603226429,0.00627402574255999,8.63967424724624e-05,0.91
"126","Number of children || id:ieu-b-4760","cg01919208","rs4917017",7,50335232,0.0448639595880725,0.0105000756482723,1.93096576778461e-05,0.91
"127","Number of children || id:ieu-b-4760","cg08334780","rs7932866",11,46548094,0.0999171418823415,0.0219330311449042,5.22473039365894e-06,0.9
"128","Number of children || id:ieu-b-4760","cg17603132","rs4344491",11,8611411,-0.0957985214415435,0.0214017973433236,7.59866978974091e-06,0.9
"129","Number of children || id:ieu-b-4760","cg15484033","rs9835976",3,86249896,-0.0253991028414858,0.00570183941339476,8.40711170792627e-06,0.9
"130","Number of children || id:ieu-b-4760","cg05654765","rs4917017",7,50335232,0.0422877492390454,0.00989713280062766,1.93096576778461e-05,0.9
"131","Number of children || id:ieu-b-4760","cg08234664","rs4917017",7,50335232,0.049838026414154,0.0116642189479935,1.93096576778461e-05,0.9
"132","Number of children || id:ieu-b-4760","cg15582954","rs56318008",1,22470407,-0.0277921268349981,0.00643123596181775,1.55022237131617e-05,0.9
"133","Number of children || id:ieu-b-4760","cg19529326","rs62112621",19,36834565,-0.0530675857600116,0.011730729483792,6.07363888051614e-06,0.9
"134","Number of children || id:ieu-b-4760","cg24020215","rs2370898",14,79533153,-0.11797187940027,0.0227285272239052,2.09756944434807e-07,0.9
"135","Number of children || id:ieu-b-4760","cg22580712","rs35554027",15,99191051,-0.0435710184258725,0.0103740520061601,2.66914980318127e-05,0.9
"136","Number of children || id:ieu-b-4760","cg14099457","rs4917017",7,50335232,0.0407348038597527,0.00953367749909105,1.93096576778461e-05,0.9
"137","Number of children || id:ieu-b-4760","cg07182163","rs2370899",14,79537790,0.0591223637663441,0.0113905471476443,2.09756944434808e-07,0.9
"138","Number of children || id:ieu-b-4760","cg03793407","rs11702354",21,35884525,0.0531891316874252,0.012743229466779,2.99412074400854e-05,0.9
"139","Number of children || id:ieu-b-4760","cg03797705","rs11702354",21,35884525,0.0388567376368789,0.00930942672550224,2.99412074400855e-05,0.9
"140","Number of children || id:ieu-b-4760","cg03707776","rs11041950",11,8515468,-0.127725268500727,0.0277663627175495,4.22490940500569e-06,0.89
"141","Number of children || id:ieu-b-4760","cg19509715","rs11882601",19,36833811,0.041231162512627,0.00901931679963716,4.84410412635907e-06,0.89
"142","Number of children || id:ieu-b-4760","cg16725225","rs62501006",8,53111809,0.234999770300976,0.0477067202866644,8.39618028357803e-07,0.89
"143","Number of children || id:ieu-b-4760","cg14526039","rs2003485",3,50176589,-0.191057334927447,0.0433325914268438,1.03805446555373e-05,0.88
"144","Number of children || id:ieu-b-4760","cg02954987","rs17732497",7,50336073,0.0428939562415656,0.0103699674430159,3.52852879513062e-05,0.88
"145","Number of children || id:ieu-b-4760","cg14716172","rs12574259",11,46704439,0.0795092325208402,0.0182480205785535,1.31771266997449e-05,0.88
"146","Number of children || id:ieu-b-4760","cg02811074","rs11041979",11,8578941,0.076210575682964,0.0167495770731789,5.36459155927771e-06,0.88
"147","Number of children || id:ieu-b-4760","cg24750513","rs4917017",7,50335232,0.0521940084609819,0.0122156190015064,1.93096576778461e-05,0.88
"148","Number of children || id:ieu-b-4760","cg02683929","rs9576705",13,39599592,0.0707719449899782,0.0166819584619234,2.2111819398661e-05,0.88
"149","Number of children || id:ieu-b-4760","cg22190438","rs35971701",17,43359891,0.140145645701231,0.0343753470587924,4.56355817210177e-05,0.88
"150","Number of children || id:ieu-b-4760","cg10075360","rs13260473",8,26460948,0.0768512774079601,0.018863495363772,4.61977769772607e-05,0.88
"151","Number of children || id:ieu-b-4760","cg23125506","rs10467972",15,40848724,-0.139753364186872,0.0323396214647308,1.55022237131617e-05,0.88
"152","Number of children || id:ieu-b-4760","cg19878659","rs12679205",8,143394082,-0.0527383509772416,0.0134775785830729,9.11401170162219e-05,0.88
"153","Number of children || id:ieu-b-4760","cg05706471","rs541886938",17,43693538,0.0786120507871582,0.0150935137511344,1.9054439417495e-07,0.87
"154","Number of children || id:ieu-b-4760","cg10941566","rs140092",22,30122279,0.0877704635724801,0.0222203705246785,7.8151193195575e-05,0.87
"155","Number of children || id:ieu-b-4760","cg18582520","rs4924484",15,40888753,-0.114631528809077,0.0276696793677083,3.4300562234013e-05,0.87
"156","Number of children || id:ieu-b-4760","cg03801286","rs11088286",21,35863331,-0.0226441718668809,0.00572063289268569,7.54745785715103e-05,0.87
"157","Number of children || id:ieu-b-4760","cg21582582","rs2014830",3,50172397,0.0282036875217812,0.0053954880476451,1.72028657781676e-07,0.87
"158","Number of children || id:ieu-b-4760","cg21665057","rs2014830",3,50172397,0.0249935940331815,0.00478138320634776,1.72028657781676e-07,0.87
"159","Number of children || id:ieu-b-4760","cg19095568","rs6492957",15,40920144,-0.07352086390157,0.0175947366602048,2.93345869910408e-05,0.87
"160","Number of children || id:ieu-b-4760","cg26855231","rs6503419",17,43149988,-0.134099912141437,0.032368944310002,3.43005622340131e-05,0.87
"161","Number of children || id:ieu-b-4760","cg19535096","rs59610645",4,68769980,-0.0710887038741163,0.0178812077229372,7.01991585625714e-05,0.87
"162","Number of children || id:ieu-b-4760","cg24902842","rs2014830",3,50172397,0.0935280995008853,0.0178923320784302,1.72028657781676e-07,0.87
"163","Number of children || id:ieu-b-4760","cg11566975","rs17732497",7,50336073,0.0431849211542997,0.0104403106087318,3.52852879513062e-05,0.87
"164","Number of children || id:ieu-b-4760","cg26546229","rs73253776",16,89385582,0.0239787035160631,0.00594162564999793,5.44364293511274e-05,0.86
"165","Number of children || id:ieu-b-4760","cg17113968","rs6492957",15,40920144,-0.0584509012429559,0.0139882498701091,2.93345869910408e-05,0.86
"166","Number of children || id:ieu-b-4760","cg07260333","rs4287569",16,89957815,-0.0385432369466904,0.00885066922479558,1.3316493049233e-05,0.86
"167","Number of children || id:ieu-b-4760","cg01326123","rs10945298",6,63158467,-0.0526966849439052,0.0124950902444311,2.47144885813716e-05,0.86
"168","Number of children || id:ieu-b-4760","cg16031339","rs7167768",15,40906197,0.143194227404885,0.0348646814551024,4.00583490347705e-05,0.86
"169","Number of children || id:ieu-b-4760","cg07723258","rs11078893",17,37396679,0.0809251227914873,0.0189926308592266,2.03633056774616e-05,0.85
"170","Number of children || id:ieu-b-4760","cg16080654","rs2239923",17,43176804,-0.0674706671274663,0.0164928297422696,4.29685550509904e-05,0.85
"171","Number of children || id:ieu-b-4760","cg17033854","rs11078895",17,37401051,-0.0555670101585268,0.0136480375827961,4.67256908579414e-05,0.85
"172","Number of children || id:ieu-b-4760","cg20615879","rs2742010",10,102889413,0.0960128273137291,0.0240032068284323,6.33424836662398e-05,0.85
"173","Number of children || id:ieu-b-4760","cg02640260","rs10009502",4,94750058,0.0973285125679948,0.0240317314982703,5.12176329480832e-05,0.85
"174","Number of children || id:ieu-b-4760","cg07546078","rs10186440",2,69742484,0.0482622642064683,0.0117712839527972,4.13150138250934e-05,0.85
"175","Number of children || id:ieu-b-4760","cg20243544","rs34473775",17,37396201,-0.0217818146740974,0.00511205854596163,2.03633056774617e-05,0.85
"176","Number of children || id:ieu-b-4760","cg23659289","rs79724577",17,43463493,-0.023166607362565,0.00470571712052102,8.51939445561657e-07,0.85
"177","Number of children || id:ieu-b-4760","cg22687902","rs550434352",17,43670754,0.0634050757538483,0.0121737745447389,1.9054439417495e-07,0.84
"178","Number of children || id:ieu-b-4760","cg03723148","rs2028078",17,43475929,-0.105411456050116,0.0217515702960556,1.25877917596925e-06,0.84
"179","Number of children || id:ieu-b-4760","cg06435374","rs11775862",8,26474477,0.061074363490618,0.0152685908726545,6.33424836662398e-05,0.84
"180","Number of children || id:ieu-b-4760","cg13065206","rs8042729",15,40845302,-0.0648205766438498,0.0156649726889304,3.50451667471565e-05,0.84
"181","Number of children || id:ieu-b-4760","cg17554502","rs199513",17,44856932,-0.11270220100769,0.0227298556654165,7.11004965360646e-07,0.84
"182","Number of children || id:ieu-b-4760","cg05533539","rs79724577",17,43463493,0.0242852499929326,0.00493294140481444,8.51939445561654e-07,0.84
"183","Number of children || id:ieu-b-4760","cg01357116","rs10015253",4,94748289,-0.0551689245558229,0.0134558352575178,4.13150138250934e-05,0.84
"184","Number of children || id:ieu-b-4760","cg10674438","rs7615640",3,23857931,-0.0224453364568133,0.00561133411420334,6.33424836662398e-05,0.84
"185","Number of children || id:ieu-b-4760","cg03954353","rs79724577",17,43463493,-0.0255287594438959,0.00518552926204135,8.51939445561657e-07,0.84
"186","Number of children || id:ieu-b-4760","cg02965290","rs2338795",17,37399364,-0.109381142007486,0.0262058986059601,2.99412074400855e-05,0.84
"187","Number of children || id:ieu-b-4760","cg16150798","rs174538",11,61560081,0.0631018337392885,0.0138824034226435,5.48168265269009e-06,0.84
"188","Number of children || id:ieu-b-4760","cg12313606","rs1365133",4,138238306,0.0180748877869085,0.00462893467713511,9.43181981348312e-05,0.84
"189","Number of children || id:ieu-b-4760","cg16576620","rs174573",11,61600327,0.0979059532522837,0.0218624944155585,7.52536057092009e-06,0.84
"190","Number of children || id:ieu-b-4760","cg07967228","rs801418",17,37457982,0.0734726865287829,0.0180459230070695,4.67256908579414e-05,0.84
"191","Number of children || id:ieu-b-4760","cg26705724","rs12440468",15,40844648,-0.0718404764554616,0.0164879782028928,1.31771266997449e-05,0.83
"192","Number of children || id:ieu-b-4760","cg03897252","rs79724577",17,43463493,0.0244823793812461,0.00497298331181562,8.51939445561657e-07,0.83
"193","Number of children || id:ieu-b-4760","cg16520312","rs62064594",17,43460181,-0.0231421500187142,0.00510220630333856,5.74088554345655e-06,0.83
"194","Number of children || id:ieu-b-4760","cg03655330","rs2246832",3,49881134,0.0872653186252685,0.0178092486990344,9.58366553180642e-07,0.83
"195","Number of children || id:ieu-b-4760","cg11997733","rs907094",17,37790371,-0.113430931197051,0.0283577327992627,6.33424836662398e-05,0.83
"196","Number of children || id:ieu-b-4760","cg12979590","rs3136433",11,46741908,-0.154521812803656,0.0378420766049771,4.43942721805667e-05,0.83
"197","Number of children || id:ieu-b-4760","cg24291279","rs3799296",6,542416,-0.103626406080798,0.0272019315962093,0.000139234698544715,0.83
"198","Number of children || id:ieu-b-4760","cg14856108","rs545864384",17,43667915,-0.055940086802642,0.0109151388883204,2.97537746375531e-07,0.83
"199","Number of children || id:ieu-b-4760","cg12604352","rs79724577",17,43463493,0.0563790220706253,0.0114519888580958,8.51939445561657e-07,0.83
"200","Number of children || id:ieu-b-4760","cg01882395","rs79724577",17,43463493,-0.0248850766333991,0.00505478119115919,8.51939445561657e-07,0.83
"201","Number of children || id:ieu-b-4760","ch.17.1009718F","rs11078911",17,37671322,0.0870867268275994,0.0204387216023958,2.03633056774616e-05,0.83
"202","Number of children || id:ieu-b-4760","cg04780491","rs9476310",6,57767576,0.0280479266349344,0.00692541398393443,5.1217632948083e-05,0.83
"203","Number of children || id:ieu-b-4760","cg26027170","rs8067511",17,37611352,0.102528496626453,0.0251824377679007,4.67256908579412e-05,0.82
"204","Number of children || id:ieu-b-4760","cg08679971","rs12608941",19,36692190,0.117761275984505,0.0301249775774315,9.26440982172258e-05,0.82
"205","Number of children || id:ieu-b-4760","cg05512684","rs10432030",17,37397707,0.0825920624770637,0.0195836849172419,2.47144885813716e-05,0.82
"206","Number of children || id:ieu-b-4760","cg24109202","rs4763",17,43471489,0.0715618777382357,0.0147667366761439,1.25877917596925e-06,0.82
"207","Number of children || id:ieu-b-4760","cg14043702","rs9434126",1,101106981,0.0601310276827313,0.0144894042608991,3.32475274593046e-05,0.82
"208","Number of children || id:ieu-b-4760","cg19971773","rs1724390",17,43663247,0.0950523234606195,0.0194979125047425,1.08808455114983e-06,0.82
"209","Number of children || id:ieu-b-4760","cg17633523","rs3964723",17,37403979,-0.111074086415639,0.0266114998704136,2.99412074400854e-05,0.81
"210","Number of children || id:ieu-b-4760","cg13792714","rs9881461",3,114104227,0.0361558894040647,0.00821724759183288,1.08250878154077e-05,0.81
"211","Number of children || id:ieu-b-4760","cg03386751","rs8067302",17,37480790,-0.0620956335479501,0.0144262582990187,1.67478362367319e-05,0.81
"212","Number of children || id:ieu-b-4760","cg08932654","rs883544",17,37387413,-0.0811504147779874,0.0198735709660377,4.43942721805667e-05,0.81
"213","Number of children || id:ieu-b-4760","cg20747073","rs12460543",19,56134778,-0.039692415959355,0.0100125013230805,7.36160402249551e-05,0.81
"214","Number of children || id:ieu-b-4760","cg10256219","rs4528616",17,43683597,-0.116801798560815,0.0224259453236765,1.9054439417495e-07,0.81
"215","Number of children || id:ieu-b-4760","cg00112517","rs4375688",17,37399070,-0.0425034910419465,0.010183128062133,2.99412074400854e-05,0.81
"216","Number of children || id:ieu-b-4760","cg00167654","rs7209122",17,5969622,-0.0780941664497384,0.0193136110574622,5.26640412626575e-05,0.8
"217","Number of children || id:ieu-b-4760","cg12577105","rs528622077",17,43551546,0.148487841263044,0.0299277819599935,6.99370180042792e-07,0.8
"218","Number of children || id:ieu-b-4760","cg18443893","rs6534216",4,121765527,-0.054323643175455,0.0134283162905619,5.2221698053914e-05,0.8
"219","Number of children || id:ieu-b-4760","cg07306253","rs8037804",15,40941062,-0.058595861313699,0.0141438285929618,3.43005622340131e-05,0.8
"220","Number of children || id:ieu-b-4760","cg00263760","rs10886036",10,118819269,0.127649314239517,0.0319123285598793,6.33424836662398e-05,0.8
"221","Number of children || id:ieu-b-4760","cg05412696","rs78448931",16,89847803,-0.0523819446701371,0.0133822486383562,9.06722201775831e-05,0.8
"222","Number of children || id:ieu-b-4760","cg25700533","rs8041443",15,40939652,-0.0608443198418048,0.0146865599618149,3.43005622340131e-05,0.8
"223","Number of children || id:ieu-b-4760","cg27544046","rs964905",1,101087131,0.0616016581363395,0.0150247946673999,4.13150138250934e-05,0.8
"224","Number of children || id:ieu-b-4760","cg05897163","rs12950186",17,37393395,0.0214686093453584,0.00509424628533929,2.50569922986382e-05,0.8
"225","Number of children || id:ieu-b-4760","cg14526375","rs35681878",3,86510236,-0.032797118466796,0.00792897369526936,3.52852879513063e-05,0.8
"226","Number of children || id:ieu-b-4760","cg24261529","rs55914643",17,43502012,0.054255402414988,0.0115626267441778,2.70140425818603e-06,0.8
"227","Number of children || id:ieu-b-4760","cg09762778","rs10432030",17,37397707,0.0546658423583633,0.0129620038581686,2.47144885813716e-05,0.8
"228","Number of children || id:ieu-b-4760","cg16697214","rs17732497",7,50336073,-0.0319987059863953,0.00773595089780985,3.52852879513062e-05,0.8
"229","Number of children || id:ieu-b-4760","cg09692838","rs538814482",17,43679193,0.175250218367336,0.0333809939747306,1.52099210329774e-07,0.8
"230","Number of children || id:ieu-b-4760","cg01258789","rs4915525",1,197331809,-0.0429906331599037,0.0107476582899759,6.33424836662398e-05,0.79
"231","Number of children || id:ieu-b-4760","cg08968222","rs284624",10,61034019,0.0263465592247476,0.00683058942863827,0.00011472012104656,0.79
"232","Number of children || id:ieu-b-4760","cg08348709","rs12600751",17,37553651,-0.105327463082724,0.0255003331673964,3.62077803626738e-05,0.79
"233","Number of children || id:ieu-b-4760","cg10791959","rs1725985",3,135117370,0.0204548493717677,0.00536939796008901,0.000139234698544715,0.79
"234","Number of children || id:ieu-b-4760","cg03013999","rs34473775",17,37396201,-0.0196662714013683,0.00461555349215787,2.03633056774616e-05,0.79
"235","Number of children || id:ieu-b-4760","cg05585544","rs61884294",11,46693064,-0.0867139324596091,0.0206735203214962,2.73541181229724e-05,0.79
"236","Number of children || id:ieu-b-4760","cg12864903","rs12632110",3,50224225,-0.0724875412038556,0.0131227445282842,3.3172708915409e-08,0.79
"237","Number of children || id:ieu-b-4760","cg09250749","rs12942951",17,43493835,-0.130692008874306,0.0276259530953818,2.23670669679489e-06,0.79
"238","Number of children || id:ieu-b-4760","cg05837683","rs2044463",11,8463951,0.0553299822236348,0.0128674377264267,1.70798109419836e-05,0.79
"239","Number of children || id:ieu-b-4760","cg20076659","rs8008781",14,79495390,0.126102963069346,0.0245200205968173,2.70591381950814e-07,0.79
"240","Number of children || id:ieu-b-4760","cg09711279","rs12452273",17,43552921,0.0352854483358124,0.00711179578861336,6.99370180042792e-07,0.79
"241","Number of children || id:ieu-b-4760","cg00961617","rs12950186",17,37393395,0.0201021084897167,0.00476999184501751,2.50569922986383e-05,0.79
"242","Number of children || id:ieu-b-4760","cg19586165","rs3744348",17,37417575,-0.0442881033389078,0.0106106914249467,2.99412074400854e-05,0.78
"243","Number of children || id:ieu-b-4760","cg08929103","rs62064646",17,43500587,-0.116089099799817,0.0245391593072784,2.23670669679488e-06,0.78
"244","Number of children || id:ieu-b-4760","cg05616858","rs34473775",17,37396201,-0.0219666814754975,0.00515544565241268,2.03633056774617e-05,0.78
"245","Number of children || id:ieu-b-4760","cg11164145","rs2061342",17,37405657,-0.0452042390034677,0.0110606116710613,4.3706898785257e-05,0.78
"246","Number of children || id:ieu-b-4760","cg11832000","rs2452518",10,60951037,0.0513995324083659,0.0129699754675316,7.40252693600513e-05,0.78
"247","Number of children || id:ieu-b-4760","cg02780210","rs12950186",17,37393395,0.0210044020242547,0.00498409539558587,2.50569922986382e-05,0.78
"248","Number of children || id:ieu-b-4760","cg00822007","rs2319353",16,63604322,0.0268279533051392,0.00646456706147933,3.32475274593046e-05,0.78
"249","Number of children || id:ieu-b-4760","cg11632150","rs2879258",17,37399379,0.060250632242087,0.0145432560584348,3.4300562234013e-05,0.78
"250","Number of children || id:ieu-b-4760","cg06364920","rs62065376",17,43521161,0.152442047234726,0.0322235221796982,2.23670669679489e-06,0.78
"251","Number of children || id:ieu-b-4760","cg18838941","rs34905589",10,15355407,-0.103634403140993,0.0261063763637615,7.19640960659003e-05,0.78
"252","Number of children || id:ieu-b-4760","cg13446366","rs732715",1,110074181,0.037752588411843,0.00943814710296075,6.33424836662398e-05,0.78
"253","Number of children || id:ieu-b-4760","cg25105522","rs56236914",17,43483551,0.0824061559345085,0.0168705516086395,1.0363094217096e-06,0.78
"254","Number of children || id:ieu-b-4760","cg06972969","rs7071102",10,60939006,0.0639564148876321,0.015989103721908,6.33424836662398e-05,0.78
"255","Number of children || id:ieu-b-4760","cg24170212","rs34233806",14,47369467,-0.217466113522091,0.0549639627583306,7.6048970571824e-05,0.78
"256","Number of children || id:ieu-b-4760","cg24136288","rs1053739",17,43183108,0.0406782168148956,0.00970730173991827,2.7836962555761e-05,0.77
"257","Number of children || id:ieu-b-4760","cg08318660","rs35327136",17,43487574,0.0470725576403468,0.00979109198919214,1.52682520778998e-06,0.77
"258","Number of children || id:ieu-b-4760","cg03321784","rs11078894",17,37396805,0.0171290714600821,0.00420714035861664,4.67256908579412e-05,0.77
"259","Number of children || id:ieu-b-4760","cg01739831","rs1006548",16,89844043,-0.0592187161382341,0.0151196722055066,8.97817529863382e-05,0.77
"260","Number of children || id:ieu-b-4760","cg10224600","rs56220387",17,43476807,-0.0447627891907101,0.00923676602347986,1.25877917596925e-06,0.77
"261","Number of children || id:ieu-b-4760","cg19758448","rs34473775",17,37396201,-0.020420261483532,0.00479251034817588,2.03633056774616e-05,0.77
"262","Number of children || id:ieu-b-4760","cg14374015","rs2027995",17,43161353,0.118053544145848,0.0288270282216606,4.21734745605021e-05,0.77
"263","Number of children || id:ieu-b-4760","cg07067577","rs112538459",17,43527323,-0.0282614779512221,0.00597397094903881,2.23670669679489e-06,0.77
"264","Number of children || id:ieu-b-4760","cg23288674","rs11078901",17,37625912,-0.114666579761469,0.0277613824685663,3.62077803626738e-05,0.77
"265","Number of children || id:ieu-b-4760","cg16646597","rs12239531",1,101085661,0.0718011493437638,0.0175124754496985,4.13150138250934e-05,0.77
"266","Number of children || id:ieu-b-4760","cg01799856","rs9897185",17,37389409,0.021442049288124,0.00553343207435457,0.000106624699502192,0.77
"267","Number of children || id:ieu-b-4760","cg00480298","rs34363898",17,43515846,0.0372451320158246,0.00787295473505236,2.23670669679489e-06,0.77
"268","Number of children || id:ieu-b-4760","cg26233914","rs78154181",16,31353648,0.0993624655802209,0.0248406163950552,6.33424836662398e-05,0.77
"269","Number of children || id:ieu-b-4760","cg09381155","rs1094787",3,135145304,0.0528245075529613,0.0132061268882403,6.33424836662398e-05,0.76
"270","Number of children || id:ieu-b-4760","cg07778819","rs62064651",17,43503000,-0.0804027721306996,0.0169957079300666,2.23670669679488e-06,0.76
"271","Number of children || id:ieu-b-4760","cg12894984","rs881844",17,37810218,-0.0447387734971767,0.0111846933742942,6.33424836662398e-05,0.76
"272","Number of children || id:ieu-b-4760","cg19980381","rs34286926",17,43495852,-0.0543287658889555,0.0114841293749012,2.23670669679489e-06,0.76
"273","Number of children || id:ieu-b-4760","cg08216304","rs17320156",8,26425734,-0.166316139612926,0.0421053518007406,7.81511931955748e-05,0.76
"274","Number of children || id:ieu-b-4760","cg26035489","rs131301",22,30185889,0.0348156613132467,0.00819192030899923,2.13770515498688e-05,0.76
"275","Number of children || id:ieu-b-4760","cg21610839","rs7615640",3,23857931,0.0220832789252548,0.00552081973131371,6.33424836662398e-05,0.75
"276","Number of children || id:ieu-b-4760","cg09347176","rs2052868",16,89706992,0.0464718566436166,0.0118761411422576,9.11401170162219e-05,0.75
"277","Number of children || id:ieu-b-4760","cg04074454","rs174530",11,61546592,-0.0567066658685728,0.0132315553693337,1.8215297148968e-05,0.75
"278","Number of children || id:ieu-b-4760","cg19263868","rs2531690",10,118667346,0.0407538514759055,0.0104254038659293,9.26440982172256e-05,0.75
"279","Number of children || id:ieu-b-4760","cg26413900","rs62064600",17,43480701,-0.0728348539054222,0.0150294142979443,1.25877917596925e-06,0.75
"280","Number of children || id:ieu-b-4760","cg10415171","rs9673404",16,31347592,-0.0564647557581699,0.0141161889395425,6.33424836662398e-05,0.75
"281","Number of children || id:ieu-b-4760","cg08170375","rs2681780",3,49897830,0.169526698993654,0.0292287412058025,6.63149195665233e-09,0.75
"282","Number of children || id:ieu-b-4760","cg19468946","rs8070695",17,37478062,0.0381833104367447,0.00924438042152767,3.62077803626738e-05,0.75
"283","Number of children || id:ieu-b-4760","cg22313519","rs12983444",19,18386367,0.0228182932501733,0.00585084442312137,9.61926880352055e-05,0.75
"284","Number of children || id:ieu-b-4760","cg14709524","rs13333742",16,89940536,-0.0260164944574861,0.00618573994094074,2.60065501112048e-05,0.75
"285","Number of children || id:ieu-b-4760","cg00715050","rs34887474",17,43519564,0.0775879361482825,0.0164007019500435,2.23670669679488e-06,0.75
"286","Number of children || id:ieu-b-4760","cg08283408","rs6774354",3,49961780,-0.0383302778461699,0.00690635636867926,2.85669597878455e-08,0.75
"287","Number of children || id:ieu-b-4760","cg10057218","rs8073511",17,37542508,-0.0649166366977768,0.0155110547861945,2.84933713946247e-05,0.75
"288","Number of children || id:ieu-b-4760","cg11693581","rs740600",10,118651882,0.0975429661032949,0.0241235292513525,5.26640412626573e-05,0.74
"289","Number of children || id:ieu-b-4760","cg00764981","rs7195945",16,31344309,-0.0269230284249245,0.00681595656327201,7.8151193195575e-05,0.74
"290","Number of children || id:ieu-b-4760","cg06068801","rs8081220",17,37473157,0.0358463917965344,0.00867860011916095,3.62077803626738e-05,0.74
"291","Number of children || id:ieu-b-4760","cg27457921","rs8071011",17,43488382,0.0517304028338248,0.0108466973683826,1.8493071650576e-06,0.74
"292","Number of children || id:ieu-b-4760","cg04257841","rs1811167",17,5975300,0.0292941952995795,0.00741625197457709,7.81511931955748e-05,0.74
"293","Number of children || id:ieu-b-4760","cg09055507","rs7195945",16,31344309,-0.0503445414727499,0.012745453537405,7.8151193195575e-05,0.74
"294","Number of children || id:ieu-b-4760","cg04764687","rs62052210",16,89980158,0.0900756034565011,0.0220184808449225,4.29685550509902e-05,0.74
"295","Number of children || id:ieu-b-4760","cg27615603","rs7195945",16,31344309,-0.0667644187903809,0.0169023845038939,7.81511931955748e-05,0.74
"296","Number of children || id:ieu-b-4760","cg06029376","rs12287376",11,46857059,-0.0348067619911146,0.00888683284879523,8.97817529863383e-05,0.74
"297","Number of children || id:ieu-b-4760","cg22365946","rs553689",1,110061048,-0.0842852341994902,0.0216115985126898,9.61926880352057e-05,0.74
"298","Number of children || id:ieu-b-4760","cg00348467","rs544161107",17,44222335,-0.101991825728309,0.019900844044548,2.97537746375531e-07,0.73
"299","Number of children || id:ieu-b-4760","cg03836283","rs529311580",17,43699113,-0.13339437459915,0.0256117199230368,1.9054439417495e-07,0.73
"300","Number of children || id:ieu-b-4760","cg12875538","rs284624",10,61034019,0.0400196689261722,0.0103754697216002,0.000114720121046561,0.73
"301","Number of children || id:ieu-b-4760","cg05184607","rs2052868",16,89706992,0.0276889339022076,0.00707606088611972,9.11401170162219e-05,0.72
"302","Number of children || id:ieu-b-4760","cg19439043","rs7218074",17,37542342,0.0300896672082807,0.00728486679779427,3.62077803626736e-05,0.72
"303","Number of children || id:ieu-b-4760","cg13037201","rs2052989",14,89012177,-0.0618673217560964,0.0158440702058296,9.43181981348314e-05,0.72
"304","Number of children || id:ieu-b-4760","cg17136310","rs7077565",10,118715366,-0.0309420879720964,0.00782052772921117,7.6048970571824e-05,0.72
"305","Number of children || id:ieu-b-4760","cg01640727","rs2942168",17,43714850,-0.0288117481862428,0.00553185565175862,1.9054439417495e-07,0.72
"306","Number of children || id:ieu-b-4760","cg00699617","rs62063212",17,44221042,-0.0892059406942048,0.0168578155642592,1.21206660428237e-07,0.72
"307","Number of children || id:ieu-b-4760","cg00968241","rs12598316",16,89916600,-0.0702948721375879,0.0173262008789829,4.96766986429951e-05,0.72
"308","Number of children || id:ieu-b-4760","cg09686635","rs646596",1,210000148,0.162067482406328,0.0415557647195713,9.61926880352057e-05,0.72
"309","Number of children || id:ieu-b-4760","cg11772661","rs7077565",10,118715366,-0.0313425962760174,0.00792175510272967,7.6048970571824e-05,0.72
"310","Number of children || id:ieu-b-4760","cg07142131","rs7515106",1,22473410,-0.071654373024236,0.0175623463294696,4.50357007770509e-05,0.72
"311","Number of children || id:ieu-b-4760","cg20265748","rs12436642",14,89025376,0.0348229190863995,0.00891806464407792,9.43181981348314e-05,0.72
"312","Number of children || id:ieu-b-4760","cg10338124","rs10749233",10,118777998,0.059134187076251,0.0132637428956077,8.2599384349635e-06,0.71
"313","Number of children || id:ieu-b-4760","cg23047500","rs7077565",10,118715366,-0.0428409883745564,0.0108279421166461,7.6048970571824e-05,0.71
"314","Number of children || id:ieu-b-4760","cg02097667","rs6895046",5,60765587,0.0282919599690529,0.00725434871001358,9.61926880352057e-05,0.71
"315","Number of children || id:ieu-b-4760","cg10955972","rs669915",17,43724245,0.0501462599247806,0.00955166855710107,1.52099210329774e-07,0.71
"316","Number of children || id:ieu-b-4760","cg26164897","rs4697156",4,20264405,0.0811581839063321,0.0207613958830152,9.26440982172258e-05,0.71
"317","Number of children || id:ieu-b-4760","cg26184028","rs9383910",6,151820799,0.0314531689429241,0.00795367490510724,7.66802932960513e-05,0.71
"318","Number of children || id:ieu-b-4760","cg11079048","rs1637570",10,118619529,-0.0552043250079356,0.0144284031270741,0.000130196315473184,0.71
"319","Number of children || id:ieu-b-4760","cg12886494","rs1513474",3,35720567,0.0492692638259591,0.0127735128437672,0.00011472012104656,0.7
"320","Number of children || id:ieu-b-4760","cg14376106","rs9420215",10,118620777,-0.0405953744991717,0.010490939477314,0.000109029614045452,0.7
"321","Number of children || id:ieu-b-4760","cg09214551","rs12602966",17,43132719,-0.101223878131105,0.0255968427457966,7.6680293296051e-05,0.7
"322","Number of children || id:ieu-b-4760","cg00690901","rs1459996",10,61007534,0.0679135510801084,0.0176072169466948,0.00011472012104656,0.69
"323","Number of children || id:ieu-b-4760","cg06127801","rs74001717",2,239625595,-0.0335321622896297,0.00821537976095927,4.47204412058833e-05,0.69
"324","Number of children || id:ieu-b-4760","cg12385729","rs4252697",1,204501383,0.0576039189098113,0.0144009797274528,6.33424836662398e-05,0.69
"325","Number of children || id:ieu-b-4760","cg04865480","rs62054382",17,43802525,0.0791535008010334,0.0151974721537984,1.9054439417495e-07,0.68
"326","Number of children || id:ieu-b-4760","cg07716635","rs12701924",7,41663198,0.0827258000712946,0.0210574763817841,8.54519706806341e-05,0.68
"327","Number of children || id:ieu-b-4760","cg00747351","rs4795367",17,37608843,0.0571668716433776,0.0144204721262574,7.36160402249551e-05,0.68
"328","Number of children || id:ieu-b-4760","cg01333824","rs62052183",16,89966921,-0.0423004468347964,0.010655837752277,7.19640960659006e-05,0.68
"329","Number of children || id:ieu-b-4760","cg25905215","rs735404",4,103553665,-0.0251919106836955,0.00645946427787065,9.61926880352057e-05,0.68
"330","Number of children || id:ieu-b-4760","cg11182257","rs9421250",10,118624228,0.112771291846408,0.026199391035024,1.67478362367319e-05,0.68
"331","Number of children || id:ieu-b-4760","cg26145504","rs11215717",11,115770711,0.0216512590464889,0.00515506167773544,2.66914980318127e-05,0.67
"332","Number of children || id:ieu-b-4760","cg00539347","rs140124",22,30143693,0.027369451395533,0.00588590352592108,3.31935028874294e-06,0.67
"333","Number of children || id:ieu-b-4760","cg09692838","rs62061812",17,44180997,0.06963271854625,0.0135868719114634,2.97537746375531e-07,0.66
"334","Number of children || id:ieu-b-4760","cg11015348","rs1838773",11,25088712,0.0601791309592554,0.013523400215563,8.58702893994373e-06,0.65
"335","Number of children || id:ieu-b-4760","cg05059843","rs2052868",16,89706992,0.0269382924534768,0.0068842302936663,9.11401170162217e-05,0.64
"336","Number of children || id:ieu-b-4760","cg02039267","rs72833408",10,118723484,0.0760724310973955,0.0194407323915566,9.11401170162221e-05,0.63
"337","Number of children || id:ieu-b-4760","cg19085507","rs10010361",4,94737796,-0.0728619196394476,0.0175570890697464,3.32475274593046e-05,0.62
"338","Number of children || id:ieu-b-4760","cg16843797","rs7634886",3,49798920,0.103473475221336,0.021556974004445,1.58665630395119e-06,0.61
"339","Number of children || id:ieu-b-4760","cg00140914","rs17425752",17,43906726,-0.129530243782038,0.0244781563052671,1.21206660428237e-07,0.61
"340","Number of children || id:ieu-b-4760","cg21477985","rs59626664",12,56636975,-0.087540397400161,0.0221621259240914,7.81511931955751e-05,0.6
"341","Number of children || id:ieu-b-4760","cg19139554","rs1061474",3,50144951,-0.1299080498451,0.0247443904466857,1.52099210329774e-07,0.6
"342","Number of children || id:ieu-b-4760","cg13732302","rs55896111",17,43799048,-0.0345883600834952,0.0065882590635229,1.52099210329774e-07,0.59
"343","Number of children || id:ieu-b-4760","cg08169778","rs11215717",11,115770711,0.126066500078792,0.0300158333520932,2.66914980318127e-05,0.59
"344","Number of children || id:ieu-b-4760","cg22032532","rs11104945",12,88942156,0.0719942938955519,0.0185552303854515,0.00010445646480364,0.59
"345","Number of children || id:ieu-b-4760","cg19711530","rs12373139",17,43924130,0.113493984368456,0.0216179017844677,1.52099210329774e-07,0.58
"346","Number of children || id:ieu-b-4760","cg02853375","rs12602966",17,43132719,-0.0381455643504709,0.00964600477828,7.6680293296051e-05,0.58
"347","Number of children || id:ieu-b-4760","cg01781529","rs7412010",1,22436446,0.0582872671464919,0.0148467567259932,8.63967424724624e-05,0.58
"348","Number of children || id:ieu-b-4760","cg17864046","rs9348064",6,166436895,0.0585491943341728,0.0144565911936229,5.1217632948083e-05,0.58
"349","Number of children || id:ieu-b-4760","cg03716233","rs12602966",17,43132719,-0.0327262919644164,0.00827561405996736,7.66802932960508e-05,0.58
"350","Number of children || id:ieu-b-4760","cg16677019","rs12185268",17,43923683,-0.142684453900936,0.0273954151489797,1.9054439417495e-07,0.57
"351","Number of children || id:ieu-b-4760","cg24063856","rs62054384",17,43804306,0.0331974363080626,0.00637390777114803,1.9054439417495e-07,0.57
"352","Number of children || id:ieu-b-4760","cg20840174","rs113796169",17,44005254,-0.0524420148641647,0.0100688668539196,1.9054439417495e-07,0.56
"353","Number of children || id:ieu-b-4760","cg12633764","rs62056789",17,43975415,-0.0519027549982353,0.00996532895966118,1.9054439417495e-07,0.56
"354","Number of children || id:ieu-b-4760","cg03882071","rs12373139",17,43924130,-0.134134021178272,0.0255493373672898,1.52099210329774e-07,0.55
"355","Number of children || id:ieu-b-4760","cg10159607","rs767059",17,43999100,-0.115245505194806,0.0221271369974028,1.9054439417495e-07,0.55
"356","Number of children || id:ieu-b-4760","cg05721485","rs2019822",17,43959918,0.0311279860765763,0.00597657332670266,1.9054439417495e-07,0.54
"357","Number of children || id:ieu-b-4760","cg20888521","rs62055515",17,43956370,0.0962248304710937,0.01847516745045,1.9054439417495e-07,0.54
"358","Number of children || id:ieu-b-4760","cg11909912","rs75676226",17,43947171,0.068050097937701,0.0130656188040386,1.9054439417495e-07,0.53
"359","Number of children || id:ieu-b-4760","cg16656794","rs17563986",17,43991272,-0.1366515985504,0.0262371069216768,1.9054439417495e-07,0.53
"360","Number of children || id:ieu-b-4760","cg11117266","rs62055516",17,43956390,0.0311694581202174,0.00598453595908173,1.9054439417495e-07,0.53
"361","Number of children || id:ieu-b-4760","cg19410471","rs2299557",7,142557182,0.0235388408759357,0.00530777784457373,9.21652440645437e-06,0.53
"362","Number of children || id:ieu-b-4760","cg08333931","rs75104593",17,43913557,-0.124638256933977,0.0233696731751206,9.64260673022821e-08,0.52
"363","Number of children || id:ieu-b-4760","cg08358943","rs62055468",17,43943000,-0.0566776470161486,0.0108821082271005,1.9054439417495e-07,0.52
"364","Number of children || id:ieu-b-4760","cg24203758","rs12944712",17,43871147,-0.0697353852066453,0.0154967522681434,6.79534624946012e-06,0.52
"365","Number of children || id:ieu-b-4760","cg17517598","rs174462",11,61657666,0.0470187270756241,0.0118645386078678,7.40252693600514e-05,0.51
"366","Number of children || id:ieu-b-4760","cg15102770","rs13152263",4,73274973,-0.0250953261829922,0.00634594455202103,7.6680293296051e-05,0.5
"367","Number of children || id:ieu-b-4760","cg03177042","rs9348064",6,166436895,-0.0580547779082218,0.0143345130637585,5.1217632948083e-05,0.5
"368","Number of children || id:ieu-b-4760","cg04378830","rs62054570",16,90063890,-0.111396192130944,0.0202538531147171,3.79791249317754e-08,0.48
"369","Number of children || id:ieu-b-4760","cg26870093","rs11641201",16,89983276,-0.149407104707008,0.0353558797398263,2.38086567936293e-05,0.45
"370","Number of children || id:ieu-b-4760","cg25903072","rs2918330",19,36749504,-0.08019015526383,0.0183042745710916,1.18161695324957e-05,0.44
"371","Number of children || id:ieu-b-4760","cg12297030","rs572225196",17,43681222,0.0861237543668503,0.0164045246413048,1.52099210329774e-07,0.44
"372","Number of children || id:ieu-b-4760","cg02980621","rs71529114",8,65008661,-0.0796126962950543,0.0174906681254286,5.32080722726778e-06,0.42
"373","Number of children || id:ieu-b-4760","cg24881471","rs2244371",17,74015590,-0.0513756133747012,0.0131571692788869,9.43181981348314e-05,0.42
"374","Number of children || id:ieu-b-4760","cg07040396","rs690378",18,74081272,0.0154190612431801,0.00377156893718075,4.34667158986187e-05,0.41
"375","Number of children || id:ieu-b-4760","cg09636313","rs12930606",16,89946682,0.0681906003045847,0.0166688134077874,4.29685550509902e-05,0.41
"376","Number of children || id:ieu-b-4760","cg07661754","rs4241517",3,23975608,0.208236065171313,0.0526070059380158,7.54745785715102e-05,0.4
"377","Number of children || id:ieu-b-4760","cg11043990","rs2244371",17,74015590,-0.0531874526907338,0.0136211769086026,9.43181981348314e-05,0.39
"378","Number of children || id:ieu-b-4760","cg20084852","rs12437228",14,101504423,-0.0333826480137521,0.00824747774457404,5.17412675564736e-05,0.38
"379","Number of children || id:ieu-b-4760","cg10570158","rs2251018",11,19519397,-0.0710681174937543,0.0165998522613149,1.858464290164e-05,0.37
"380","Number of children || id:ieu-b-4760","cg14830601","rs9421248",10,118617261,-0.125640452205116,0.0288973040071766,1.37493558858449e-05,0.36
"381","Number of children || id:ieu-b-4760","cg10266455","rs680062",2,174430738,-0.0696343373656357,0.01572388263095,9.48593039226872e-06,0.36
"382","Number of children || id:ieu-b-4760","cg21121119","rs72942333",3,49986118,-0.0740958341092632,0.0131143069219935,1.60447837013271e-08,0.36
"383","Number of children || id:ieu-b-4760","cg18172084","rs4639219",5,137699620,0.08403810746182,0.0200545483715707,2.78369625557609e-05,0.36
"384","Number of children || id:ieu-b-4760","cg00928816","rs12357548",10,63803472,0.0228975265017668,0.00565371024734982,5.1217632948083e-05,0.33
"385","Number of children || id:ieu-b-4760","cg04380576","rs2777888",3,49898000,-0.152535441478331,0.0262992140479882,6.63149195665236e-09,0.3
"386","Number of children || id:ieu-b-4760","cg13186884","rs10110463",8,65174630,0.0627323734198607,0.0156830933549652,6.33424836662398e-05,0.29
"387","Number of children || id:ieu-b-4760","cg09447675","rs12368989",12,46743346,-0.0224486788664684,0.00537233340394114,2.93345869910408e-05,0.28
"388","Number of children || id:ieu-b-4760","cg06956786","rs67955951",7,3569225,0.122033964492998,0.0268474721884595,5.48168265269007e-06,0.28
"389","Number of children || id:ieu-b-4760","cg09738481","rs73253776",16,89385582,-0.0204691233237509,0.00507199515986748,5.44364293511274e-05,0.26
"390","Number of children || id:ieu-b-4760","cg01749904","rs73253776",16,89385582,-0.0167815136034216,0.00415825115836997,5.44364293511274e-05,0.26
"391","Number of children || id:ieu-b-4760","cg14634738","rs3796386",3,49899795,-0.030921763314998,0.00577976884392486,8.7954231880118e-08,0.26
"392","Number of children || id:ieu-b-4760","cg21837569","rs3796386",3,49899795,-0.0281022596580507,0.00525275881458891,8.7954231880118e-08,0.26
"393","Number of children || id:ieu-b-4760","cg23866412","rs11554159",19,18285944,0.0230354474584479,0.00588683657271446,9.11401170162217e-05,0.25
"394","Number of children || id:ieu-b-4760","cg10076951","rs1805007",16,89986117,0.0670094513984391,0.0144530189290751,3.54591935177981e-06,0.22
"395","Number of children || id:ieu-b-4760","cg17491456","rs35858985",5,39625796,0.0771186793947226,0.0191754554170662,5.77700185149497e-05,0.21
"396","Number of children || id:ieu-b-4760","cg10211626","rs79005996",22,42363812,0.0314642113601007,0.00739092213156728,2.07056056482465e-05,0.2
"397","Number of children || id:ieu-b-4760","cg04281261","rs728237",20,5248293,-0.118263220138537,0.0278266400325969,2.13770515498688e-05,0.17
"398","Number of children || id:ieu-b-4760","cg00022871","rs12938031",17,43854502,0.0762931487949296,0.0168648013125634,6.07363888051616e-06,0.17
"399","Number of children || id:ieu-b-4760","cg03326410","rs9342140",6,64883740,-0.0682556795706097,0.0170639198926524,6.33424836662398e-05,0.17
"400","Number of children || id:ieu-b-4760","cg07122123","rs4528484",14,46835672,0.0477942690603799,0.0101689934171021,2.60161490783456e-06,0.15
"401","Number of children || id:ieu-b-4760","cg27339143","rs6684194",1,110055211,-0.150374780221475,0.0385576359542244,9.61926880352055e-05,0.15
"402","Number of children || id:ieu-b-4760","cg21616161","rs7645061",3,49868842,-0.0501828601977205,0.0102414000403511,9.58366553180638e-07,0.14
"403","Number of children || id:ieu-b-4760","cg00440841","rs1265154",8,103215928,-0.0570602200466584,0.0140312016508176,4.76903814203764e-05,0.14
"404","Number of children || id:ieu-b-4760","cg18115766","rs4858094",3,23918616,0.112310782654068,0.026907791677537,2.99412074400854e-05,0.14
"405","Number of children || id:ieu-b-4760","cg25067636","rs1265153",8,103214852,0.020834330568853,0.00516553650467429,5.49911874699552e-05,0.13
"406","Number of children || id:ieu-b-4760","cg11485154","rs11038864",11,46349103,0.057064205156385,0.0132093067491632,1.56029200762027e-05,0.12
"407","Number of children || id:ieu-b-4760","cg10045881","rs9996834",4,103557529,-0.0598411447764435,0.0153438832760111,9.61926880352055e-05,0.09
"408","Number of children || id:ieu-b-4760","cg01450522","rs7633380",3,13332868,-0.0526230680893167,0.0120594531038017,1.27918141773509e-05,0.08
"409","Number of children || id:ieu-b-4760","cg10611165","rs2038410",20,5249302,0.0222337714312712,0.00555844285781781,6.33424836662398e-05,0.07
"410","Number of children || id:ieu-b-4760","cg10062109","rs464274",16,89656631,-0.0689920592633477,0.0166245925935778,3.32475274593044e-05,0.07
"411","Number of children || id:ieu-b-4760","cg11691535","rs60070950",8,143421753,0.0581181135518282,0.0138898636161602,2.86158827889021e-05,0.07
"412","Number of children || id:ieu-b-4760","cg27159096","rs4783599",16,66495327,0.048282992998966,0.0122984982167178,8.63967424724624e-05,0.06
"413","Number of children || id:ieu-b-4760","cg07512993","rs4783599",16,66495327,0.0237013027667023,0.00603712428963171,8.63967424724623e-05,0.06
"414","Number of children || id:ieu-b-4760","cg12467090","rs4252697",1,204501383,-0.081977426695785,0.0204943566739463,6.33424836662398e-05,0.06
"415","Number of children || id:ieu-b-4760","cg10780632","rs2301597",17,43173273,-0.114605412333021,0.0246463252329078,3.31935028874294e-06,0.05
"416","Number of children || id:ieu-b-4760","cg19560831","rs55704384",14,101475283,0.0216141177522398,0.00540352943805996,6.33424836662398e-05,0.05
"417","Number of children || id:ieu-b-4760","cg00930618","rs690378",18,74081272,-0.0183606623206054,0.00449109725827759,4.34667158986186e-05,0.05
"418","Number of children || id:ieu-b-4760","cg02146026","rs72614033",8,143481018,0.0632039109857788,0.0158912690478529,6.97101967933695e-05,0.04
"419","Number of children || id:ieu-b-4760","cg21216118","rs744636",2,68343030,0.0576271577133273,0.0142372977879985,5.17412675564736e-05,0.04
"420","Number of children || id:ieu-b-4760","cg26336814","rs509705",1,112340306,0.0831200053068926,0.0183823088659474,6.13336189799268e-06,0.04
"421","Number of children || id:ieu-b-4760","cg27395066","rs9905609",17,43358166,-0.0505260522162157,0.0120725965472374,2.84933713946245e-05,0.04
"422","Number of children || id:ieu-b-4760","cg10701640","rs9905609",17,43358166,-0.0296645231204768,0.00708798340046791,2.84933713946247e-05,0.04
"423","Number of children || id:ieu-b-4760","cg18150908","rs60950793",19,31844549,0.0550862165658191,0.0139374764805084,7.73774267061159e-05,0.04
"424","Number of children || id:ieu-b-4760","cg03375371","rs10186440",2,69742484,-0.0266396371811365,0.00649747248320403,4.13150138250934e-05,0.04
"425","Number of children || id:ieu-b-4760","cg25024321","rs34227398",13,101814091,0.024492967421538,0.00619362394567629,7.66802932960511e-05,0.04
"426","Number of children || id:ieu-b-4760","cg02295216","rs11075636",16,66511627,0.0225479232373754,0.00553808640917993,4.67256908579414e-05,0.03
"427","Number of children || id:ieu-b-4760","cg14473062","rs12434466",14,97324289,0.183378185368878,0.0415909286403642,1.03805446555373e-05,0.03
"428","Number of children || id:ieu-b-4760","cg06100756","rs9905609",17,43358166,-0.0467220936790382,0.0111636861003012,2.84933713946247e-05,0.03
"429","Number of children || id:ieu-b-4760","cg19914607","rs1858828",3,50242387,0.0357195965083318,0.0077651296757243,4.22490940500571e-06,0.03
"430","Number of children || id:ieu-b-4760","cg23791672","rs617335",11,83357558,-0.0571131220570877,0.0126918049015751,6.79534624946009e-06,0.03
"431","Number of children || id:ieu-b-4760","cg00677574","rs9905609",17,43358166,-0.0521927417909593,0.0124708321093443,2.84933713946245e-05,0.02
"432","Number of children || id:ieu-b-4760","cg15892964","rs10872673",6,151855593,0.0466306444937952,0.0111277674360193,2.7836962555761e-05,0.02
"433","Number of children || id:ieu-b-4760","cg10598582","rs35971701",17,43359891,-0.0537685951838556,0.0131885233469835,4.56355817210175e-05,0.02
"434","Number of children || id:ieu-b-4760","cg27045264","rs11574631",16,31363977,-0.0947887621151886,0.0248256281730256,0.000134438832339449,0.02
"435","Number of children || id:ieu-b-4760","cg04155793","rs3114912",16,89371827,0.057137226710604,0.0139927902148418,4.43942721805667e-05,0.02
"436","Number of children || id:ieu-b-4760","cg27272679","rs6987695",8,64789147,0.0712161730721993,0.0187093336037134,0.000140974858171734,0.02
"437","Number of children || id:ieu-b-4760","cg05056497","rs11088286",21,35863331,-0.0212863164163881,0.00537759572624542,7.54745785715102e-05,0.02
"438","Number of children || id:ieu-b-4760","cg16579770","rs72791971",16,71477297,0.117846093002539,0.0279634796955177,2.50569922986382e-05,0.01
"439","Number of children || id:ieu-b-4760","cg27005946","rs369139911",7,3575870,-0.0785686503306107,0.0186697782963827,2.57261175456597e-05,0.01
"440","Number of children || id:ieu-b-4760","cg12989574","rs9524033",13,94031000,0.14823245575176,0.0340764266096,1.36137531986681e-05,0.01
"441","Number of children || id:ieu-b-4760","cg19026817","rs34153257",20,56638246,0.126684402483014,0.0293374405750138,1.57319811196345e-05,0.01
"442","Number of children || id:ieu-b-4760","cg03740752","rs73283869",16,90067184,0.0932532990983878,0.0238391892431969,9.16241571521448e-05,0.01
"443","Number of children || id:ieu-b-4760","cg22055687","rs200405456",5,88043465,0.107068599888096,0.0253280558875066,2.36540897585001e-05,0.01
"444","Number of children || id:ieu-b-4760","cg10099758","rs744636",2,68343030,-0.0624820364145308,0.0154367384082959,5.17412675564736e-05,0.01
"445","Number of children || id:ieu-b-4760","cg05599550","rs17717246",17,48705686,0.0554228700539922,0.013533491524812,4.21734745605021e-05,0.01
"446","Number of children || id:ieu-b-4760","cg18711369","rs881844",17,37810218,0.0236672252883175,0.00591680632207938,6.33424836662398e-05,0.01
"447","Number of children || id:ieu-b-4760","cg24803614","rs174546",11,61569830,-0.102369443130703,0.0214975830574477,1.91774188899522e-06,0.01
"448","Number of children || id:ieu-b-4760","cg22376856","rs12044599",1,204564714,0.185961590478767,0.0469599975956481,7.49497633821468e-05,0.01
"449","Number of children || id:ieu-b-4760","cg01249860","rs5998171",22,32303490,-0.127544303130842,0.0320917924006636,7.05690607324349e-05,0.01
"450","Number of children || id:ieu-b-4760","cg19526455","rs8075737",17,37727316,0.0668671528369831,0.0155639062637805,1.73675412931939e-05,0.01
"451","Number of children || id:ieu-b-4760","cg11445109","rs4838693",10,135354714,-0.0421058597996328,0.0105264649499082,6.33424836662398e-05,0.01
"452","Number of children || id:ieu-b-4760","cg26365553","rs2070851",11,46744528,-0.0726434095604844,0.0183520192573855,7.54745785715105e-05,0.01
"453","Number of children || id:ieu-b-4760","cg13357922","rs2480258",10,135352100,0.0704058577673663,0.0184904272924396,0.000140269649919929,0.01
"454","Number of children || id:ieu-b-4760","cg08390786","rs11101857",10,135395359,0.0394869227209333,0.00987173068023332,6.33424836662398e-05,0.01
"455","Number of children || id:ieu-b-4760","cg16591948","rs7554486",1,8762357,0.0885880257078129,0.0226871773154155,9.43181981348312e-05,0.01
"456","Number of children || id:ieu-b-4760","cg01395261","rs11666265",19,18292282,0.0848077514284806,0.0212019378571201,6.33424836662398e-05,0.01
"457","Number of children || id:ieu-b-4760","cg17580616","rs7940682",11,46777392,0.0359357653989585,0.00927374590940864,0.000106624699502193,0
"458","Number of children || id:ieu-b-4760","cg04035553","rs60070950",8,143421753,-0.114214866178248,0.0272966346841097,2.86158827889021e-05,0
"459","Number of children || id:ieu-b-4760","cg01747591","rs3096300",16,89376470,0.138500002141753,0.0342680417670316,5.30726395429544e-05,0
"460","Number of children || id:ieu-b-4760","cg12781700","rs9913787",17,43146432,-0.0937783288701795,0.0229235915015994,4.29685550509904e-05,0
"461","Number of children || id:ieu-b-4760","cg07368127","rs2239916",17,43165185,-0.157102889021851,0.0334261466003938,2.60161490783456e-06,0
"462","Number of children || id:ieu-b-4760","cg22685502","rs13086339",3,72477819,0.0221401219439412,0.00505372348720397,1.18161695324957e-05,0
"463","Number of children || id:ieu-b-4760","cg06327746","rs4929942",11,8625096,-0.13048331302805,0.0283659376147934,4.22490940500572e-06,0
"464","Number of children || id:ieu-b-4760","cg27046604","rs7162319",15,40862470,0.0603985823244757,0.0135292824406826,8.03363039549794e-06,0
"465","Number of children || id:ieu-b-4760","cg24489344","rs28502139",22,46396538,0.0485528193344482,0.0117548931020243,3.62077803626738e-05,0
"466","Number of children || id:ieu-b-4760","cg16493071","rs58094843",16,1236190,0.0420286660225018,0.0107131893782848,8.742522262975e-05,0
"467","Number of children || id:ieu-b-4760","cg19494188","rs59720353",11,1489136,0.0806848006528977,0.0204030530386638,7.66802932960511e-05,0
"468","Number of children || id:ieu-b-4760","cg01594262","rs73044923",19,38887142,0.0579593060615084,0.0147855372605889,8.85489686241416e-05,0
"469","Number of children || id:ieu-b-4760","cg09508490","rs4785699",16,89716222,-0.160302801096907,0.0357957711187268,7.52536057092009e-06,0
"470","Number of children || id:ieu-b-4760","cg00439318","rs61482648",16,89715564,0.0810210222021199,0.01809207291892,7.52536057092009e-06,0
"471","Number of children || id:ieu-b-4760","cg02030542","rs4917017",7,50335232,0.0619223191094253,0.0144924576639081,1.93096576778461e-05,0
"472","Number of children || id:ieu-b-4760","cg06932256","rs10127988",1,110144625,0.0257388239632043,0.00598577301469866,1.70798109419836e-05,0
"473","Number of children || id:ieu-b-4760","cg15134801","rs2084131",5,60850522,0.0784608657295378,0.0200936363453694,9.43181981348314e-05,0
"474","Number of children || id:ieu-b-4760","cg19066391","rs11130222",3,49901060,-0.165454862994181,0.0306397894433669,6.66408969708573e-08,0
"475","Number of children || id:ieu-b-4760","cg13456504","rs6428594",1,91100244,-0.0629698663260861,0.0162980830491046,0.000111711484335528,0
"476","Number of children || id:ieu-b-4760","cg27043786","rs12032737",1,88744527,0.0992482896370471,0.0233806066933428,2.18692917901819e-05,0
"477","Number of children || id:ieu-b-4760","cg19180156","rs10201355",2,59442381,0.124895155414878,0.0281626330837471,9.21652440645437e-06,0
"478","Number of children || id:ieu-b-4760","cg01293647","rs8081338",17,37406139,0.067282158243431,0.016119683745822,2.99412074400855e-05,0
"479","Number of children || id:ieu-b-4760","cg04883269","rs7609980",3,127095560,0.0469310055554578,0.0123193889583077,0.000139234698544715,0
"480","Number of children || id:ieu-b-4760","cg17344932","rs2061338",17,37421767,0.107152783126115,0.0256720209572985,2.99412074400855e-05,0
"481","Number of children || id:ieu-b-4760","cg26679047","rs2950916",8,35137310,0.0894977220032946,0.0186453587506864,1.5866563039512e-06,0
"482","Number of children || id:ieu-b-4760","cg24483576","rs612209",17,37442713,-0.0645151548844149,0.0157856230036334,4.37068987852572e-05,0
"483","Number of children || id:ieu-b-4760","cg10986043","rs2338756",17,37419220,-0.0910617227739677,0.0218168710812631,2.99412074400854e-05,0
"484","Number of children || id:ieu-b-4760","cg26918954","rs77652970",5,179760120,-0.0842528065641534,0.0217796370710056,0.000109542390983109,0
"485","Number of children || id:ieu-b-4760","cg01775612","rs11574631",16,31363977,-0.100113103971034,0.0262200986590803,0.000134438832339449,0
"486","Number of children || id:ieu-b-4760","cg03863721","rs17206365",19,36885067,0.0587685059576573,0.0146921264894143,6.33424836662398e-05,0
"487","Number of children || id:ieu-b-4760","cg08846852","rs2282749",3,50250837,-0.216940265267171,0.0461575032483343,2.60161490783456e-06,0
"488","Number of children || id:ieu-b-4760","cg07119973","rs62065829",17,43135449,-0.0418307120178272,0.00909363304735373,4.22490940500571e-06,0
"489","Number of children || id:ieu-b-4760","cg13048466","rs59709264",1,22449325,0.091952536323778,0.0202093486425886,5.36459155927771e-06,0
"490","Number of children || id:ieu-b-4760","cg07143050","rs72795864",16,71483497,0.0797271439845194,0.0189183053522588,2.50569922986382e-05,0
"491","Number of children || id:ieu-b-4760","cg04287289","rs4257207",16,89947861,-0.023165212488251,0.00558593776312437,3.36773560785534e-05,0
"492","Number of children || id:ieu-b-4760","cg26063904","rs142954653",1,101147833,-0.0837533032013978,0.0192536329198616,1.36137531986681e-05,0
"493","Number of children || id:ieu-b-4760","cg15639951","rs36107645",17,43352642,-0.0220409553909602,0.00535574616976603,3.86534325218181e-05,0
"494","Number of children || id:ieu-b-4760","cg03354340","rs72797728",16,71552789,0.151799752677476,0.0345560412599133,1.11870641853443e-05,0
"495","Number of children || id:ieu-b-4760","cg03743982","rs1006548",16,89844043,0.0504795557799091,0.0128883972204023,8.97817529863382e-05,0
"496","Number of children || id:ieu-b-4760","cg03085549","rs1006548",16,89844043,0.0475266186984886,0.012134455837912,8.97817529863382e-05,0
"497","Number of children || id:ieu-b-4760","cg10327769","rs556674103",17,43659251,0.105785259335976,0.0204745663230921,2.38305706640278e-07,0
"498","Number of children || id:ieu-b-4760","cg05185784","rs8051733",16,90024206,-0.0271664882559794,0.00548554089784199,7.33109064498757e-07,0
"499","Number of children || id:ieu-b-4760","cg22237459","rs62052212",16,89981960,-0.0594233455942078,0.0145352068359933,4.34667158986186e-05,0
"500","Number of children || id:ieu-b-4760","cg25193494","rs1805007",16,89986117,-0.0452264381342232,0.00975472195051873,3.54591935177981e-06,0
"501","Number of children || id:ieu-b-4760","cg01038207","rs13067082",3,50221715,0.0345416779886611,0.0060447936480157,1.10165770970394e-08,0
"502","Number of children || id:ieu-b-4760","cg22336337","rs3924606",8,53163435,0.0376344962810845,0.00919954353537622,4.29685550509904e-05,0
"503","Number of children || id:ieu-b-4760","cg15156975","rs241042",17,43712657,0.0600445097942203,0.0115285458804903,1.9054439417495e-07,0
"504","Number of children || id:ieu-b-4760","cg01760100","rs4785767",16,90106525,0.0817021084778615,0.0197211985981045,3.4300562234013e-05,0
"505","Number of children || id:ieu-b-4760","cg01023759","rs73283859",16,90062520,-0.0366500555679519,0.00916251389198797,6.33424836662398e-05,0
"506","Number of children || id:ieu-b-4760","cg07690219","rs7609971",3,49975654,0.1677107775695,0.0296833234636283,1.60447837013271e-08,0
"507","Number of children || id:ieu-b-4760","cg06360465","rs2681780",3,49897830,0.112269726081225,0.0193568493243492,6.63149195665233e-09,0
"508","Number of children || id:ieu-b-4760","cg14260695","rs34286926",17,43495852,0.046294780319976,0.00978588852292175,2.2367066967949e-06,0
"509","Number of children || id:ieu-b-4760","cg09545109","rs13063621",3,49821625,-0.126457555048554,0.0263453239684488,1.5866563039512e-06,0
"510","Number of children || id:ieu-b-4760","cg22484737","rs6466526",7,114995159,-0.0462498487985712,0.0111177521150412,3.18247594381643e-05,0
"511","Number of children || id:ieu-b-4760","cg26325335","rs9812936",3,50043654,0.139130069551909,0.0262509565192282,1.15802680799292e-07,0
"512","Number of children || id:ieu-b-4760","cg22670759","rs14321",3,50226151,0.0447622522559799,0.00789922098634939,1.45602201478282e-08,0
"513","Number of children || id:ieu-b-4760","cg12999941","rs34654589",3,49911449,0.121218052370647,0.0222418444716783,5.03698201089222e-08,0
"514","Number of children || id:ieu-b-4760","cg06117233","rs66851636",3,50073046,-0.0974425218469583,0.0172464640437094,1.6044783701327e-08,0
"515","Number of children || id:ieu-b-4760","cg23549385","rs35926495",3,50255663,0.128760101536537,0.0257520203073074,5.73303143758388e-07,0
"516","Number of children || id:ieu-b-4760","cg08207895","rs62262141",3,50022059,0.0822407923063375,0.0145558924435996,1.60447837013271e-08,0
"517","Number of children || id:ieu-b-4760","cg08013793","rs11711407",3,50225029,0.0969326743230291,0.0197821784332712,9.58366553180638e-07,0
"518","Number of children || id:ieu-b-4760","cg11039694","rs2624824",3,50088266,0.145845700366405,0.0255869649765623,1.1980742802127e-08,0
"519","Number of children || id:ieu-b-4760","cg05898618","rs4917017",NA,NA,-0.0824914524814131,0.0193065101552243,1.93096576778461e-05,NA
"520","Number of children || id:ieu-b-4760","cg20552747","rs1503046",NA,NA,-0.114200956063533,0.0282143538509906,5.17412675564738e-05,NA
"521","Number of children || id:ieu-b-4760","cg11987802","rs61882704",NA,NA,-0.117643014564052,0.0275009644435447,1.8876832569627e-05,NA
"522","Number of children || id:ieu-b-4760","cg04628802","rs12448992",NA,NA,-0.0991883558538134,0.025505577219552,0.00010070420585357,NA
"523","Number of children || id:ieu-b-4760","cg02258534","rs4917017",NA,NA,-0.0847962184494921,0.0198459234669024,1.93096576778461e-05,NA
"524","Number of children || id:ieu-b-4760","cg19739906","rs62447179",NA,NA,0.0664438243020843,0.0160633421389654,3.52852879513062e-05,NA
"525","Number of children || id:ieu-b-4760","cg23917768","rs2301597",NA,NA,-0.129994478729129,0.0279558018772321,3.31935028874294e-06,NA
"526","Number of children || id:ieu-b-4760","cg22135160","rs11721204",NA,NA,0.273664885944457,0.0570135179050953,1.58665630395119e-06,NA
"527","Number of children || id:ieu-b-4760","cg22689366","rs28706067",NA,NA,0.0527848603840443,0.0114749696487053,4.22490940500571e-06,NA
"528","Number of children || id:ieu-b-4760","cg03049323","rs8042729",NA,NA,-0.124162549471016,0.0300059494554955,3.50451667471565e-05,NA
"529","Number of children || id:ieu-b-4760","cg23850637","rs28706067",NA,NA,0.0815806065163396,0.0177349144600738,4.22490940500569e-06,NA
"530","Number of children || id:ieu-b-4760","cg00097038","rs2759663",NA,NA,0.175283906812701,0.0424930683182306,3.70734756924038e-05,NA
"531","Number of children || id:ieu-b-4760","cg05936667","rs8058639",NA,NA,-0.0687691481511531,0.0169991152733187,5.22216980539138e-05,NA
"532","Number of children || id:ieu-b-4760","cg02370636","rs149189193",NA,NA,0.108491023257096,0.0257888497906212,2.58901582359301e-05,NA
"533","Number of children || id:ieu-b-4760","cg13137533","rs565427790",NA,NA,0.148206873270185,0.0294061256488462,4.65531846097202e-07,NA
"534","Number of children || id:ieu-b-4760","cg05103957","rs2048246",NA,NA,0.0944764867101561,0.0227106939207106,3.18247594381643e-05,NA
"535","Number of children || id:ieu-b-4760","cg12068280","rs7805434",NA,NA,0.0701375611035383,0.0167720254812809,2.89187191032343e-05,NA
"536","Number of children || id:ieu-b-4760","cg09308613","rs146972365",NA,NA,-0.116188413826084,0.0286261309426585,4.93205667669105e-05,NA
"537","Number of children || id:ieu-b-4760","cg19041857","rs56303243",NA,NA,0.126261350895445,0.0315653377238614,6.33424836662398e-05,NA
"538","Number of children || id:ieu-b-4760","cg19276540","rs199530",NA,NA,0.133118145299045,0.0270948437334339,8.96733812325206e-07,NA
"539","Number of children || id:ieu-b-4760","cg27091787","rs4688760",NA,NA,0.153904974208766,0.0356411519220301,1.57319811196346e-05,NA
"540","Number of children || id:ieu-b-4760","cg00723041","rs174548",NA,NA,-0.10351440826459,0.0207028816529181,5.7330314375839e-07,NA
"541","Number of children || id:ieu-b-4760","cg03261347","rs10872673",NA,NA,-0.147316331689417,0.0351550336986109,2.7836962555761e-05,NA
"542","Number of children || id:ieu-b-4760","cg15679139","rs1358071",NA,NA,-0.125114333851201,0.0279381522192003,7.52536057092006e-06,NA
"543","Number of children || id:ieu-b-4760","cg16328381","rs174592",NA,NA,-0.154360238205913,0.036835965935502,2.7836962555761e-05,NA
"544","Number of children || id:ieu-b-4760","cg11905100","rs28706067",NA,NA,0.0383767310199951,0.00834276761304242,4.22490940500571e-06,NA
"545","Number of children || id:ieu-b-4760","cg09450550","rs2027995",NA,NA,0.0895201097558183,0.0218595616845603,4.21734745605021e-05,NA
"546","Number of children || id:ieu-b-4760","ch.17.1212751R","rs4327090",NA,NA,-0.14494854326714,0.0281243442160123,2.55197333665848e-07,NA
"547","Number of children || id:ieu-b-4760","cg03216596","rs116956554",NA,NA,-0.134031705358208,0.0253288262094251,1.21206660428237e-07,NA
"548","Number of children || id:ieu-b-4760","cg00776080","rs4917017",NA,NA,0.115005952169759,0.0269162866780286,1.93096576778461e-05,NA
"549","Number of children || id:ieu-b-4760","cg15270729","rs79078082",NA,NA,-0.0921095248472969,0.0216728293758346,2.13770515498688e-05,NA
"550","Number of children || id:ieu-b-4760","cg01636747","rs8060534",NA,NA,-0.116030477338714,0.0293410402465714,7.6680293296051e-05,NA
"551","Number of children || id:ieu-b-4760","cg19539667","rs2074404",NA,NA,0.0933423137180257,0.0219628973454178,2.13770515498688e-05,NA
"552","Number of children || id:ieu-b-4760","cg24394631","rs7210728",NA,NA,-0.19562252677234,0.039124505354468,5.73303143758385e-07,NA
"553","Number of children || id:ieu-b-4760","cg07816200","rs2202658",NA,NA,0.170687300864816,0.0426718252162039,6.33424836662398e-05,NA
"554","Number of children || id:ieu-b-4760","cg26532627","rs35971701",NA,NA,-0.134528180480976,0.0329974782311829,4.56355817210177e-05,NA
"555","Number of children || id:ieu-b-4760","cg13468002","rs73080980",NA,NA,-0.16754464083561,0.0377352794674797,8.99588777713581e-06,NA
"556","Number of children || id:ieu-b-4760","cg18090064","rs62061734",NA,NA,0.111639926464062,0.0219619527470285,3.7086801056149e-07,NA
"557","Number of children || id:ieu-b-4760","cg03688818","rs143336190",NA,NA,-0.2558519871171,0.0576921147420912,9.21652440645437e-06,NA
"558","Number of children || id:ieu-b-4760","cg16717988","rs4785699",NA,NA,-0.111220892250711,0.0248357332210326,7.52536057092009e-06,NA
"559","Number of children || id:ieu-b-4760","cg23845250","rs28706067",NA,NA,-0.0687138925299783,0.0149378027239083,4.22490940500569e-06,NA
"560","Number of children || id:ieu-b-4760","cg05003599","rs28625973",NA,NA,-0.0909204885971351,0.0210552710435471,1.57319811196346e-05,NA
"561","Number of children || id:ieu-b-4760","cg21905819","rs4321241",NA,NA,0.0922835745750575,0.0233629302721665,7.8151193195575e-05,NA
"562","Number of children || id:ieu-b-4760","cg14312063","rs1314615",NA,NA,0.136695938054246,0.0346065665960116,7.81511931955748e-05,NA
"563","Number of children || id:ieu-b-4760","cg16468914","rs62260755",NA,NA,0.15141718918215,0.0363401254037161,3.0908593764592e-05,NA
"564","Number of children || id:ieu-b-4760","cg00833080","rs28706067",NA,NA,0.0414852812927535,0.00901853941146816,4.22490940500571e-06,NA
"565","Number of children || id:ieu-b-4760","cg10137253","rs12437228",NA,NA,-0.0846202244327458,0.020906173095149,5.17412675564736e-05,NA
"566","Number of children || id:ieu-b-4760","cg05348216","rs56303243",NA,NA,-0.0798488620738666,0.0199622155184666,6.33424836662398e-05,NA
"567","Number of children || id:ieu-b-4760","cg11472786","rs473030",NA,NA,0.130841732905294,0.0327104332263235,6.33424836662398e-05,NA
"568","Number of children || id:ieu-b-4760","cg05959229","rs12447168",NA,NA,-0.126273621875816,0.0319312607042294,7.6680293296051e-05,NA
"569","Number of children || id:ieu-b-4760","cg17855101","rs140092",NA,NA,0.0779032008354379,0.0197223293254273,7.8151193195575e-05,NA
"570","Number of children || id:ieu-b-4760","cg23149300","rs4917017",NA,NA,0.0788074917419809,0.0184443065779104,1.9309657677846e-05,NA
"571","Number of children || id:ieu-b-4760","cg16284213","rs209474",NA,NA,0.013449101873958,0.00348680418954467,0.00011472012104656,NA
"572","Number of children || id:ieu-b-4760","cg21946195","rs1861410",NA,NA,0.124269730408655,0.0295880310496798,2.66914980318127e-05,NA
"573","Number of children || id:ieu-b-4760","cg07245868","rs172276",NA,NA,0.0921689399775381,0.0238956511052877,0.00011472012104656,NA
